filename,label
audio_128.wav,2.703
audio_156.wav,3.9886
audio_19.wav,4.2134
audio_108.wav,2.3535
audio_206.wav,2.4525
audio_161.wav,2.7144
audio_215.wav,2.5969
audio_213.wav,2.2192
audio_11.wav,3.6624
audio_155.wav,3.4719
audio_39.wav,2.7024
audio_168.wav,3.1156
audio_133.wav,2.1655
audio_28.wav,2.7144
audio_40.wav,2.9971
audio_181.wav,2.6918
audio_201.wav,3.0866
audio_182.wav,2.8834
audio_126.wav,2.6738
audio_10.wav,2.3004
audio_134.wav,1.9341
audio_69.wav,4.8007
audio_112.wav,3.6235
audio_180.wav,2.334
audio_177.wav,2.483
audio_77.wav,5.0
audio_111.wav,3.1856
audio_18.wav,3.5644
audio_175.wav,4.2674
audio_33.wav,3.4868
audio_15.wav,2.5788
audio_4.wav,3.4567
audio_27.wav,2.535
audio_96.wav,3.1743
audio_116.wav,2.6086
audio_1.wav,2.3216
audio_22.wav,3.7342
audio_114.wav,2.191
audio_146.wav,2.4987
audio_46.wav,5.0
audio_144.wav,2.726
audio_75.wav,5.0
audio_200.wav,2.9541
audio_196.wav,2.0494
audio_190.wav,3.6878
audio_158.wav,2.9281
audio_17.wav,2.1243
audio_105.wav,3.8385
audio_141.wav,3.3098
audio_129.wav,3.9703
audio_6.wav,3.5337
audio_70.wav,5.0
audio_35.wav,3.7282
audio_203.wav,3.5884
audio_90.wav,3.5971
audio_16.wav,3.0164
audio_138.wav,3.6954
audio_100.wav,3.225
audio_115.wav,2.3691
audio_118.wav,4.0504
audio_137.wav,3.8553
audio_101.wav,2.5338
audio_193.wav,2.2759
audio_102.wav,4.1673
audio_52.wav,3.2497
audio_172.wav,2.5312
audio_191.wav,3.3928
audio_194.wav,2.4982
audio_67.wav,3.1191
audio_160.wav,2.7931
audio_179.wav,2.1536
audio_55.wav,2.5677
audio_145.wav,3.6489
audio_197.wav,2.6958
audio_139.wav,2.905
audio_91.wav,3.6782
audio_8.wav,2.4355
audio_136.wav,3.9074
audio_199.wav,2.3557
audio_110.wav,4.2433
audio_208.wav,2.7634
audio_152.wav,4.3947
audio_94.wav,3.0326
audio_174.wav,3.4359
audio_23.wav,4.0292
audio_56.wav,2.6406
audio_97.wav,2.5933
audio_148.wav,3.4336
audio_59.wav,2.8642
audio_5.wav,2.4055
audio_119.wav,3.9002
audio_80.wav,3.3312
audio_58.wav,2.609
audio_123.wav,3.5074
audio_188.wav,2.7385
audio_121.wav,2.7879
audio_107.wav,2.963
audio_214.wav,3.295
audio_73.wav,5.0
audio_169.wav,3.5622
audio_7.wav,3.1225
audio_42.wav,3.5229
audio_88.wav,4.0113
audio_64.wav,2.1933
audio_195.wav,2.7867
audio_57.wav,2.8227
audio_13.wav,2.5911
audio_125.wav,3.5659
audio_209.wav,2.913
audio_211.wav,2.9286
audio_63.wav,2.4472
audio_86.wav,4.9936
audio_78.wav,4.8993
audio_38.wav,3.0963
audio_186.wav,2.8444
audio_154.wav,3.3628
audio_21.wav,2.1826
audio_120.wav,2.4483
audio_183.wav,2.5058
audio_25.wav,3.469
audio_122.wav,2.422
audio_36.wav,3.591
audio_76.wav,5.0
audio_163.wav,2.4176
audio_83.wav,4.7582
audio_103.wav,2.5794
audio_93.wav,3.6325
audio_26.wav,3.2156
audio_72.wav,5.0
audio_210.wav,2.5239
audio_104.wav,2.2108
audio_81.wav,3.9313
audio_166.wav,3.2732
audio_202.wav,2.3774
audio_185.wav,2.2526
audio_9.wav,2.418
audio_207.wav,2.0431
audio_127.wav,3.2056
audio_12.wav,2.5804
audio_132.wav,2.649
audio_109.wav,2.4445
audio_32.wav,3.6322
audio_178.wav,3.0823
audio_61.wav,2.5599
audio_34.wav,4.3338
audio_106.wav,1.9596
audio_49.wav,4.5991
audio_149.wav,3.1819
audio_30.wav,4.2607
audio_131.wav,3.0978
audio_162.wav,2.2614
audio_204.wav,3.7026
audio_198.wav,3.4902
audio_135.wav,3.4458
audio_187.wav,3.3331
audio_3.wav,3.0146
audio_98.wav,3.9298
audio_159.wav,3.344
audio_167.wav,2.631
audio_205.wav,2.5038
audio_95.wav,3.2874
audio_68.wav,4.9388
audio_31.wav,4.2504
audio_157.wav,3.1359
audio_89.wav,4.3094
audio_82.wav,4.5285
audio_53.wav,3.1057
audio_37.wav,4.2739
audio_113.wav,2.5717
audio_85.wav,5.0
audio_173.wav,4.1926
audio_41.wav,4.7835
audio_51.wav,2.874
audio_143.wav,3.6351
audio_92.wav,3.6192
audio_74.wav,5.0
audio_0.wav,3.4069
audio_147.wav,2.979
audio_130.wav,2.1546
audio_192.wav,2.4493
audio_43.wav,5.0
audio_65.wav,2.2256
audio_14.wav,3.653
audio_117.wav,3.506
audio_212.wav,2.2339
audio_79.wav,3.4524
audio_171.wav,2.5899
audio_60.wav,2.5689
audio_153.wav,3.1768
audio_176.wav,3.2392
audio_2.wav,3.653
audio_50.wav,4.5964
audio_29.wav,3.6418
audio_142.wav,3.8373
audio_47.wav,3.224
audio_84.wav,4.8664
audio_164.wav,2.5706
audio_48.wav,4.2813
audio_189.wav,2.9938
audio_151.wav,3.4555
audio_66.wav,2.1776
audio_44.wav,3.0268
audio_150.wav,3.8031
audio_87.wav,3.8362
audio_99.wav,3.4362
audio_62.wav,3.1926
audio_20.wav,2.3384
audio_124.wav,2.9212
audio_54.wav,2.6247
audio_45.wav,5.0
audio_71.wav,5.0
audio_184.wav,2.2388
audio_24.wav,2.2278
audio_140.wav,3.4557
audio_165.wav,2.7493
audio_170.wav,2.0466
